,GQQ,LDA,Strength
0,0.6687269986310562,0.9982019009497595,21
1,0.5132480313424337,0.9905887157147922,23
2,0.521874172539319,0.9693061104217107,24
3,0.5605445006577191,0.9776123710515049,25
4,0.658210038165088,0.8728733981852378,43
5,0.6568769031908874,0.9606177482407354,47
