,spectral_entropy,delta_alpha,Strength
0,0.1389763122623641,0.6792648849296681,1
1,0.1472855409209017,1.5991382773671805,3
2,0.37847980335208814,1.6263769921818443,22
3,0.11812240854696342,1.4218857459465755,100
