,ISE,LDA,Strength
0,0.8610236877376359,0.975698958583009,1
1,0.8527144590790983,0.9590822129611769,3
2,0.6215201966479118,0.8011978378408374,22
3,0.8818775914530366,0.7670655993192194,100
